2026-01-26T15:15:56Z,b4ffd0e3-6bca-4c2c-8f9b-1fd9a902b186,completed,0
2026-01-26T15:19:10Z,b4ffd0e3-6bca-4c2c-8f9b-1fd9a902b186,completed,0
2026-01-26T15:20:18Z,b4ffd0e3-6bca-4c2c-8f9b-1fd9a902b186,completed,0
2026-01-26T15:21:13Z,b4ffd0e3-6bca-4c2c-8f9b-1fd9a902b186,completed,0
2026-01-26T15:22:37Z,b4ffd0e3-6bca-4c2c-8f9b-1fd9a902b186,completed,0
2026-01-26T15:30:51Z,b4ffd0e3-6bca-4c2c-8f9b-1fd9a902b186,completed,0
2026-01-26T15:38:03Z,b4ffd0e3-6bca-4c2c-8f9b-1fd9a902b186,completed,0
2026-01-26T15:41:55Z,b4ffd0e3-6bca-4c2c-8f9b-1fd9a902b186,completed,0
2026-01-26T15:47:39Z,b4ffd0e3-6bca-4c2c-8f9b-1fd9a902b186,completed,0
2026-01-26T15:56:07Z,b4ffd0e3-6bca-4c2c-8f9b-1fd9a902b186,completed,0
